frame_idx,elapsed_s,timestamp_iso,detected_posture,display_label,frame_state,confidence,deviation_score,duration_in_state_s,cheek_distance,eye_distance,shoulder_width,eye_line_tilt,shoulder_tilt_deg,eye_symmetry_ratio,cheek_symmetry_ratio,chin_alignment_offset,hand_face_score,chin_occlusion,cheek_distance_pct,eye_distance_pct,eye_line_tilt_delta_deg,shoulder_width_pct,candidates_json
0,0.0,2026-05-26T11:13:31.542412,neutral,바른 자세,NORMAL,1.0,0.0,0.0,0.188609,0.119821,0.401518,-3.988,-7.9532,0.124183,0.095436,0.001563,0.0,0.0,-1.99,-1.85,-2.07,5.42,[]
1,0.044,2026-05-26T11:13:31.542412,neutral,바른 자세,NORMAL,1.0,0.0,0.0,0.188625,0.119833,0.401533,-3.9874,-7.9522,0.124155,0.095437,0.014817,0.0,0.0,-1.98,-1.84,-2.07,5.43,[]
2,0.232,2026-05-26T11:13:31.542412,neutral,바른 자세,NORMAL,1.0,0.0,0.0,0.18867,0.119866,0.401574,-3.986,-7.9505,0.124093,0.095462,0.012427,0.0,0.0,-1.96,-1.81,-2.07,5.44,[]
3,0.438,2026-05-26T11:13:31.542412,neutral,바른 자세,NORMAL,1.0,0.0,0.0,0.188752,0.119924,0.40165,-3.9834,-7.9468,0.124023,0.095516,0.012366,0.0,0.0,-1.92,-1.77,-2.07,5.46,[]
4,0.635,2026-05-26T11:13:31.542412,neutral,바른 자세,NORMAL,1.0,0.0,0.0,0.188875,0.120011,0.401766,-3.9795,-7.9416,0.123945,0.095603,0.012293,0.0,0.0,-1.85,-1.7,-2.06,5.49,[]
5,0.824,2026-05-26T11:13:31.543423,neutral,바른 자세,NORMAL,1.0,0.0,0.0,0.189041,0.120128,0.401927,-3.9741,-7.9308,0.12387,0.095727,0.012991,0.0,0.0,-1.77,-1.6,-2.06,5.53,[]
6,1.032,2026-05-26T11:13:31.543423,neutral,바른 자세,NORMAL,1.0,0.0,0.0,0.189252,0.120277,0.402134,-3.9671,-7.9143,0.123774,0.095864,0.012897,0.0,0.0,-1.66,-1.48,-2.05,5.59,[]
7,1.233,2026-05-26T11:13:31.543423,neutral,바른 자세,NORMAL,1.0,0.0,0.0,0.189505,0.120457,0.402389,-3.9584,-7.8918,0.12366,0.096003,0.012796,0.0,0.0,-1.53,-1.33,-2.04,5.65,[]
8,1.426,2026-05-26T11:13:31.543423,neutral,바른 자세,NORMAL,1.0,0.0,0.0,0.189801,0.120666,0.402691,-3.948,-7.8635,0.123545,0.096133,0.012688,0.0,0.0,-1.37,-1.16,-2.03,5.73,[]
9,1.817,2026-05-26T11:13:31.543423,neutral,바른 자세,NORMAL,1.0,0.0,0.0,0.190221,0.120966,0.402782,-3.9333,-7.8296,0.123258,0.09639,0.011681,0.0,0.0,-1.16,-0.91,-2.02,5.76,[]
10,2.023,2026-05-26T11:13:31.543423,neutral,바른 자세,NORMAL,1.0,0.0,0.0,0.190665,0.121283,0.402827,-3.9179,-7.7898,0.123155,0.096523,0.011565,0.0,0.0,-0.92,-0.65,-2.0,5.77,[]
11,2.216,2026-05-26T11:13:31.543423,neutral,바른 자세,NORMAL,1.0,0.0,0.0,0.191132,0.121617,0.402855,-3.9018,-7.7464,0.123086,0.096675,0.010668,0.0,0.0,-0.68,-0.38,-1.98,5.78,[]
12,2.406,2026-05-26T11:13:31.543423,neutral,바른 자세,NORMAL,1.0,0.0,0.0,0.191621,0.121966,0.402887,-3.8852,-7.7,0.12303,0.096845,0.010551,0.0,0.0,-0.43,-0.09,-1.97,5.78,[]
13,2.622,2026-05-26T11:13:31.543423,neutral,바른 자세,NORMAL,1.0,0.0,0.0,0.192127,0.122327,0.402939,-3.8686,-7.651,0.122997,0.097032,0.010435,0.0,0.0,-0.16,0.2,-1.95,5.8,[]
14,2.804,2026-05-26T11:13:31.544931,neutral,바른 자세,NORMAL,1.0,0.0,0.0,0.192649,0.1227,0.40302,-3.8518,-7.5998,0.122984,0.097221,0.010317,0.0,0.0,0.11,0.51,-1.93,5.82,[]
15,3.016,2026-05-26T11:13:31.544931,neutral,바른 자세,NORMAL,1.0,0.0,0.0,0.193186,0.123085,0.403136,-3.8352,-7.546,0.122962,0.097393,0.010197,0.0,0.0,0.39,0.82,-1.92,5.85,[]
16,3.219,2026-05-26T11:13:31.545440,neutral,바른 자세,NORMAL,1.0,0.0,0.0,0.193734,0.123478,0.403294,-3.8187,-7.4889,0.122933,0.09756,0.010075,0.0,0.0,0.67,1.14,-1.9,5.89,[]
17,3.414,2026-05-26T11:13:31.545440,neutral,바른 자세,NORMAL,1.0,0.0,0.0,0.194291,0.123879,0.40349,-3.8027,-7.428,0.122909,0.09772,0.010734,0.0,0.0,0.96,1.47,-1.89,5.94,[]
18,3.608,2026-05-26T11:13:31.545440,neutral,바른 자세,NORMAL,1.0,0.0,0.0,0.194854,0.124286,0.40373,-3.7873,-7.3631,0.122877,0.097859,0.010609,0.0,0.0,1.25,1.81,-1.87,6.01,[]
19,3.808,2026-05-26T11:13:31.545440,neutral,바른 자세,NORMAL,1.0,0.0,0.0,0.195423,0.124698,0.404009,-3.7727,-7.2945,0.122864,0.098002,0.010485,0.0,0.0,1.55,2.14,-1.86,6.08,[]
20,4.004,2026-05-26T11:13:31.545440,neutral,바른 자세,NORMAL,1.0,0.0,0.0,0.195996,0.125114,0.404328,-3.7589,-7.2217,0.122841,0.098133,0.01036,0.0,0.0,1.85,2.48,-1.84,6.16,[]
21,4.195,2026-05-26T11:13:31.546443,neutral,바른 자세,NORMAL,1.0,0.0,0.0,0.196572,0.125533,0.404686,-3.746,-7.1452,0.12281,0.098237,0.010231,0.0,0.0,2.14,2.83,-1.83,6.26,[]
22,4.407,2026-05-26T11:13:31.546443,neutral,바른 자세,NORMAL,1.0,0.0,0.0,0.197149,0.125954,0.405079,-3.7337,-7.0656,0.122772,0.098319,0.010883,0.0,0.0,2.44,3.17,-1.82,6.36,[]
23,4.596,2026-05-26T11:13:31.546443,neutral,바른 자세,NORMAL,1.0,0.0,0.0,0.197726,0.126375,0.405503,-3.7222,-6.9829,0.122729,0.098382,0.010752,0.0,0.0,2.74,3.52,-1.8,6.47,[]
24,4.789,2026-05-26T11:13:31.546443,neutral,바른 자세,NORMAL,1.0,0.0,0.0,0.198304,0.126798,0.405954,-3.7114,-6.898,0.12268,0.098427,0.009838,0.0,0.0,3.04,3.86,-1.79,6.59,[]
25,5.001,2026-05-26T11:13:31.546443,neutral,바른 자세,NORMAL,1.0,0.0,0.0,0.19888,0.12722,0.406425,-3.7013,-6.8115,0.122626,0.098451,0.010487,0.0,0.0,3.34,4.21,-1.78,6.71,[]
26,5.196,2026-05-26T11:13:31.547552,neutral,바른 자세,NORMAL,1.0,0.0,0.0,0.199454,0.127642,0.406918,-3.6923,-6.7234,0.122543,0.098455,0.009572,0.0,0.0,3.64,4.55,-1.78,6.84,[]
27,5.399,2026-05-26T11:13:31.547552,neutral,바른 자세,NORMAL,1.0,0.0,0.0,0.200025,0.128062,0.407432,-3.6842,-6.634,0.122461,0.098444,0.009439,0.0,0.0,3.94,4.9,-1.77,6.98,[]
28,5.6,2026-05-26T11:13:31.547552,neutral,바른 자세,NORMAL,1.0,0.0,0.0,0.200594,0.128482,0.407966,-3.6772,-6.5437,0.122389,0.098433,0.009308,0.0,0.0,4.23,5.24,-1.76,7.12,[]
29,5.805,2026-05-26T11:13:31.547552,neutral,바른 자세,NORMAL,1.0,0.0,0.0,0.201158,0.128899,0.408518,-3.6711,-6.4528,0.122326,0.098424,0.009179,0.0,0.0,4.53,5.58,-1.75,7.26,[]
30,5.995,2026-05-26T11:13:31.547552,neutral,바른 자세,NORMAL,1.0,0.0,0.0,0.201717,0.129314,0.409089,-3.666,-6.3618,0.12226,0.0984,0.00905,0.0,0.0,4.82,5.92,-1.75,7.41,[]
31,6.195,2026-05-26T11:13:31.547552,forward_head_only,거북목 경향,WARNING,0.5071,5.6841,0.0,0.202271,0.129726,0.409678,-3.6619,-6.2716,0.122169,0.098357,0.009702,0.0,0.0,5.11,6.26,-1.74,7.57,"[{""p"": ""forward_head_only"", ""dev"": 5.684, ""ratio"": 1.021}]"
32,6.393,2026-05-26T11:13:31.547552,forward_head_only,거북목 경향,WARNING,0.5099,5.9953,0.198,0.202821,0.130137,0.410284,-3.6587,-6.1826,0.121992,0.098266,0.009571,0.0,0.0,5.39,6.6,-1.74,7.73,"[{""p"": ""forward_head_only"", ""dev"": 5.995, ""ratio"": 1.078}]"
33,6.596,2026-05-26T11:13:31.548548,forward_head_only,거북목 경향,WARNING,0.5152,6.3036,0.401,0.203366,0.130544,0.410902,-3.6564,-6.0948,0.121808,0.09815,0.008658,0.0,0.0,5.68,6.93,-1.74,7.89,"[{""p"": ""forward_head_only"", ""dev"": 6.304, ""ratio"": 1.135}]"
34,6.791,2026-05-26T11:13:31.548548,forward_head_only,거북목 경향,WARNING,0.5225,6.6096,0.596,0.203907,0.130948,0.411527,-3.655,-6.0078,0.121642,0.098037,0.008529,0.0,0.0,5.96,7.26,-1.74,8.05,"[{""p"": ""forward_head_only"", ""dev"": 6.61, ""ratio"": 1.191}]"
35,6.983,2026-05-26T11:13:31.548548,forward_head_only,거북목 경향,WARNING,0.5315,6.9125,0.788,0.204442,0.131348,0.412158,-3.6546,-5.9218,0.121491,0.097926,0.008402,0.0,0.0,6.23,7.59,-1.74,8.22,"[{""p"": ""forward_head_only"", ""dev"": 6.912, ""ratio"": 1.247}]"
36,7.175,2026-05-26T11:13:31.548548,forward_head_only,거북목 경향,WARNING,0.5418,7.2124,0.98,0.204972,0.131744,0.412797,-3.6552,-5.8368,0.121351,0.097809,0.008274,0.0,0.0,6.51,7.91,-1.74,8.39,"[{""p"": ""forward_head_only"", ""dev"": 7.212, ""ratio"": 1.302}]"
37,7.381,2026-05-26T11:13:31.548548,forward_head_only,거북목 경향,WARNING,0.5534,7.509,1.186,0.205496,0.132136,0.413441,-3.6568,-5.7532,0.121221,0.097688,0.008147,0.0,0.0,6.78,8.24,-1.74,8.55,"[{""p"": ""forward_head_only"", ""dev"": 7.509, ""ratio"": 1.356}]"
38,7.577,2026-05-26T11:13:31.548548,forward_head_only,거북목 경향,WARNING,0.5659,7.8035,1.382,0.206016,0.132525,0.414091,-3.6593,-5.6709,0.121087,0.097562,0.00802,0.0,0.0,7.05,8.55,-1.74,8.73,"[{""p"": ""forward_head_only"", ""dev"": 7.803, ""ratio"": 1.41}]"
39,7.783,2026-05-26T11:13:31.548548,forward_head_only,거북목 경향,WARNING,0.5792,8.094,1.588,0.206529,0.132909,0.414741,-3.6624,-5.5896,0.120961,0.097435,0.008676,0.0,0.0,7.32,8.87,-1.75,8.9,"[{""p"": ""forward_head_only"", ""dev"": 8.094, ""ratio"": 1.464}]"
40,7.972,2026-05-26T11:13:31.549801,forward_head_only,거북목 경향,WARNING,0.5932,8.3814,1.777,0.207036,0.133289,0.415392,-3.6657,-5.509,0.120832,0.097306,0.008551,0.0,0.0,7.58,9.18,-1.75,9.07,"[{""p"": ""forward_head_only"", ""dev"": 8.381, ""ratio"": 1.516}]"
41,8.167,2026-05-26T11:13:31.549801,forward_head_only,거북목 경향,BAD_POSTURE,0.6076,8.6656,0.0,0.207537,0.133665,0.416042,-3.669,-5.429,0.120699,0.097173,0.007646,0.0,0.0,7.84,9.49,-1.75,9.24,"[{""p"": ""forward_head_only"", ""dev"": 8.666, ""ratio"": 1.569}]"
42,8.376,2026-05-26T11:13:31.549801,forward_head_only,거북목 경향,BAD_POSTURE,0.6225,8.9468,0.209,0.208033,0.134037,0.416689,-3.6722,-5.3499,0.120572,0.097046,0.008303,0.0,0.0,8.1,9.79,-1.75,9.41,"[{""p"": ""recline"", ""dev"": 8.1, ""ratio"": 1.013}, {""p"": ""forward_head_only"", ""dev"": 8.947, ""ratio"": 1.62}]"
43,8.578,2026-05-26T11:13:31.549801,forward_head_only,거북목 경향,BAD_POSTURE,0.6376,9.2252,0.411,0.208523,0.134406,0.417329,-3.6755,-5.2723,0.120431,0.096902,0.00818,0.0,0.0,8.36,10.1,-1.76,9.58,"[{""p"": ""recline"", ""dev"": 8.355, ""ratio"": 1.044}, {""p"": ""forward_head_only"", ""dev"": 9.225, ""ratio"": 1.671}]"
44,8.776,2026-05-26T11:13:31.549801,forward_head_only,거북목 경향,BAD_POSTURE,0.6531,9.5011,0.609,0.209008,0.134772,0.41796,-3.6788,-5.1959,0.120288,0.096753,0.008838,0.0,0.0,8.61,10.4,-1.76,9.74,"[{""p"": ""recline"", ""dev"": 8.607, ""ratio"": 1.076}, {""p"": ""forward_head_only"", ""dev"": 9.501, ""ratio"": 1.721}]"
45,8.968,2026-05-26T11:13:31.549801,forward_head_only,거북목 경향,BAD_POSTURE,0.6687,9.7738,0.801,0.209487,0.135134,0.418582,-3.6821,-5.1205,0.12013,0.096596,0.008714,0.0,0.0,8.86,10.69,-1.76,9.9,"[{""p"": ""recline"", ""dev"": 8.856, ""ratio"": 1.107}, {""p"": ""forward_head_only"", ""dev"": 9.774, ""ratio"": 1.771}]"
46,9.177,2026-05-26T11:13:31.549801,forward_head_only,거북목 경향,BAD_POSTURE,0.6844,10.044,1.01,0.209961,0.135493,0.419202,-3.6854,-5.046,0.119964,0.096422,0.007809,0.0,0.0,9.1,10.99,-1.77,10.07,"[{""p"": ""forward_head_full"", ""dev"": 9.681, ""ratio"": 1.82}, {""p"": ""recline"", ""dev"": 9.102, ""ratio"": 1.138}, {""p"": ""forward_head_only"", ""dev"": 10.044, ""ratio"": 1.82}]"
47,9.369,2026-05-26T11:13:31.551312,forward_head_only,거북목 경향,BAD_POSTURE,0.7002,10.3106,1.202,0.210429,0.135847,0.41982,-3.6887,-4.9708,0.119747,0.096226,0.007687,0.0,0.0,9.35,11.28,-1.77,10.23,"[{""p"": ""forward_head_full"", ""dev"": 9.876, ""ratio"": 1.869}, {""p"": ""recline"", ""dev"": 9.346, ""ratio"": 1.168}, {""p"": ""forward_head_only"", ""dev"": 10.311, ""ratio"": 1.869}]"
48,9.57,2026-05-26T11:13:31.551312,forward_head_only,거북목 경향,BAD_POSTURE,0.716,10.5747,1.403,0.210892,0.136198,0.420434,-3.6922,-4.8952,0.119521,0.096031,0.007566,0.0,0.0,9.59,11.56,-1.77,10.39,"[{""p"": ""forward_head_full"", ""dev"": 10.069, ""ratio"": 1.917}, {""p"": ""recline"", ""dev"": 9.586, ""ratio"": 1.198}, {""p"": ""forward_head_only"", ""dev"": 10.575, ""ratio"": 1.917}]"
49,9.768,2026-05-26T11:13:31.551312,forward_head_only,거북목 경향,BAD_POSTURE,0.7319,10.8351,1.601,0.211349,0.136544,0.421043,-3.6958,-4.8198,0.11931,0.095841,0.007449,0.0,0.0,9.82,11.85,-1.78,10.55,"[{""p"": ""forward_head_full"", ""dev"": 10.26, ""ratio"": 1.965}, {""p"": ""recline"", ""dev"": 9.824, ""ratio"": 1.228}, {""p"": ""forward_head_only"", ""dev"": 10.835, ""ratio"": 1.965}]"
50,9.955,2026-05-26T11:13:31.551312,forward_head_only,거북목 경향,BAD_POSTURE,0.7477,11.0924,1.788,0.2118,0.136886,0.421645,-3.6996,-4.7452,0.119109,0.095652,0.007333,0.0,0.0,10.06,12.13,-1.78,10.71,"[{""p"": ""forward_head_full"", ""dev"": 10.449, ""ratio"": 2.012}, {""p"": ""recline"", ""dev"": 10.058, ""ratio"": 1.257}, {""p"": ""forward_head_only"", ""dev"": 11.092, ""ratio"": 2.012}]"
51,10.165,2026-05-26T11:13:31.551312,forward_head_only,거북목 경향,BAD_POSTURE,0.7634,11.3467,1.998,0.212246,0.137224,0.422239,-3.7037,-4.6712,0.118906,0.095448,0.007217,0.0,0.0,10.29,12.4,-1.79,10.86,"[{""p"": ""forward_head_full"", ""dev"": 10.635, ""ratio"": 2.058}, {""p"": ""recline"", ""dev"": 10.29, ""ratio"": 1.286}, {""p"": ""forward_head_only"", ""dev"": 11.347, ""ratio"": 2.058}]"
52,10.376,2026-05-26T11:13:31.551312,forward_head_only,거북목 경향,BAD_POSTURE,0.7791,11.5974,2.209,0.212686,0.137557,0.422819,-3.7077,-4.5976,0.118706,0.095247,0.007106,0.0,0.0,10.52,12.68,-1.79,11.02,"[{""p"": ""forward_head_full"", ""dev"": 10.818, ""ratio"": 2.104}, {""p"": ""recline"", ""dev"": 10.518, ""ratio"": 1.315}, {""p"": ""forward_head_only"", ""dev"": 11.597, ""ratio"": 2.104}]"
53,10.551,2026-05-26T11:13:31.551312,forward_head_only,거북목 경향,BAD_POSTURE,0.7947,11.8453,2.384,0.21312,0.137887,0.423389,-3.7119,-4.524,0.118503,0.095048,0.006995,0.0,0.0,10.74,12.95,-1.79,11.17,"[{""p"": ""forward_head_full"", ""dev"": 10.998, ""ratio"": 2.149}, {""p"": ""recline"", ""dev"": 10.744, ""ratio"": 1.343}, {""p"": ""forward_head_only"", ""dev"": 11.845, ""ratio"": 2.149}]"
54,10.76,2026-05-26T11:13:31.552366,forward_head_only,거북목 경향,BAD_POSTURE,0.8101,12.0903,2.593,0.213549,0.138213,0.423947,-3.716,-4.4506,0.118302,0.09485,0.006885,0.0,0.0,10.97,13.21,-1.8,11.31,"[{""p"": ""forward_head_full"", ""dev"": 11.175, ""ratio"": 2.193}, {""p"": ""recline"", ""dev"": 10.967, ""ratio"": 1.371}, {""p"": ""forward_head_only"", ""dev"": 12.09, ""ratio"": 2.193}]"
55,10.95,2026-05-26T11:13:31.552366,forward_head_only,거북목 경향,BAD_POSTURE,0.8255,12.332,2.783,0.213972,0.138535,0.424494,-3.7202,-4.3778,0.1181,0.094641,0.006774,0.0,0.0,11.19,13.48,-1.8,11.46,"[{""p"": ""forward_head_full"", ""dev"": 11.349, ""ratio"": 2.237}, {""p"": ""recline"", ""dev"": 11.187, ""ratio"": 1.398}, {""p"": ""forward_head_only"", ""dev"": 12.332, ""ratio"": 2.237}]"
56,11.161,2026-05-26T11:13:31.552366,forward_head_only,거북목 경향,BAD_POSTURE,0.8407,12.5706,2.994,0.214389,0.138853,0.42503,-3.7246,-4.3062,0.117921,0.094439,0.005885,0.0,0.0,11.4,13.74,-1.81,11.6,"[{""p"": ""forward_head_full"", ""dev"": 11.52, ""ratio"": 2.281}, {""p"": ""recline"", ""dev"": 11.403, ""ratio"": 1.425}, {""p"": ""forward_head_only"", ""dev"": 12.571, ""ratio"": 2.281}]"
57,11.352,2026-05-26T11:13:31.552366,forward_head_only,거북목 경향,BAD_POSTURE,0.8558,12.8069,3.185,0.214802,0.139168,0.425557,-3.7293,-4.2358,0.117738,0.094229,0.005776,0.0,0.0,11.62,14.0,-1.81,11.74,"[{""p"": ""forward_head_full"", ""dev"": 11.689, ""ratio"": 2.324}, {""p"": ""recline"", ""dev"": 11.618, ""ratio"": 1.452}, {""p"": ""forward_head_only"", ""dev"": 12.807, ""ratio"": 2.324}]"
58,11.56,2026-05-26T11:13:31.552366,forward_head_only,거북목 경향,BAD_POSTURE,0.8707,13.0405,3.393,0.215209,0.13948,0.426075,-3.7344,-4.1664,0.117554,0.094014,0.00645,0.0,0.0,11.83,14.25,-1.82,11.87,"[{""p"": ""forward_head_full"", ""dev"": 11.855, ""ratio"": 2.366}, {""p"": ""recline"", ""dev"": 11.829, ""ratio"": 1.479}, {""p"": ""forward_head_only"", ""dev"": 13.04, ""ratio"": 2.366}]"
59,11.75,2026-05-26T11:13:31.552366,forward_head_only,거북목 경향,BAD_POSTURE,0.8855,13.2704,3.583,0.21561,0.139787,0.426587,-3.7397,-4.0978,0.117391,0.093809,0.005564,0.0,0.0,12.04,14.5,-1.82,12.01,"[{""p"": ""forward_head_full"", ""dev"": 12.019, ""ratio"": 2.408}, {""p"": ""recline"", ""dev"": 12.038, ""ratio"": 1.505}, {""p"": ""forward_head_only"", ""dev"": 13.27, ""ratio"": 2.408}]"
60,11.943,2026-05-26T11:13:31.553416,forward_head_only,거북목 경향,BAD_POSTURE,0.9001,13.498,3.776,0.216007,0.140091,0.427094,-3.7453,-4.0304,0.117244,0.093611,0.005461,0.0,0.0,12.24,14.75,-1.83,12.14,"[{""p"": ""forward_head_full"", ""dev"": 12.181, ""ratio"": 2.449}, {""p"": ""recline"", ""dev"": 12.244, ""ratio"": 1.531}, {""p"": ""forward_head_only"", ""dev"": 13.498, ""ratio"": 2.449}]"
61,12.149,2026-05-26T11:13:31.553416,forward_head_only,거북목 경향,BAD_POSTURE,0.9145,13.7225,3.982,0.216398,0.140391,0.427597,-3.7513,-3.9648,0.117103,0.093415,0.00536,0.0,0.0,12.45,15.0,-1.83,12.27,"[{""p"": ""forward_head_full"", ""dev"": 12.342, ""ratio"": 2.489}, {""p"": ""recline"", ""dev"": 12.447, ""ratio"": 1.556}, {""p"": ""forward_head_only"", ""dev"": 13.722, ""ratio"": 2.489}]"
62,12.344,2026-05-26T11:13:31.553416,forward_head_only,거북목 경향,BAD_POSTURE,0.9288,13.9451,4.177,0.216785,0.140689,0.428098,-3.7573,-3.9008,0.116871,0.093179,0.005259,0.0,0.0,12.65,15.24,-1.84,12.4,"[{""p"": ""forward_head_full"", ""dev"": 12.501, ""ratio"": 2.53}, {""p"": ""recline"", ""dev"": 12.648, ""ratio"": 1.581}, {""p"": ""forward_head_only"", ""dev"": 13.945, ""ratio"": 2.53}]"
63,12.55,2026-05-26T11:13:31.553416,forward_head_only,거북목 경향,BAD_POSTURE,0.943,14.1657,4.383,0.217169,0.140984,0.428599,-3.7634,-3.8374,0.116627,0.092923,0.005158,0.0,0.0,12.85,15.48,-1.85,12.53,"[{""p"": ""forward_head_full"", ""dev"": 12.66, ""ratio"": 2.57}, {""p"": ""recline"", ""dev"": 12.848, ""ratio"": 1.606}, {""p"": ""forward_head_only"", ""dev"": 14.166, ""ratio"": 2.57}]"
64,12.745,2026-05-26T11:13:31.553416,forward_head_only,거북목 경향,BAD_POSTURE,0.957,14.384,4.578,0.217549,0.141276,0.429098,-3.7698,-3.7745,0.116394,0.092658,0.005058,0.0,0.0,13.05,15.72,-1.85,12.67,"[{""p"": ""forward_head_full"", ""dev"": 12.818, ""ratio"": 2.609}, {""p"": ""recline"", ""dev"": 13.045, ""ratio"": 1.631}, {""p"": ""forward_head_only"", ""dev"": 14.384, ""ratio"": 2.609}]"
65,12.938,2026-05-26T11:13:31.554426,forward_head_only,거북목 경향,BAD_POSTURE,0.9709,14.5997,4.771,0.217925,0.141564,0.429594,-3.7767,-3.7128,0.116169,0.092389,0.00574,0.0,0.0,13.24,15.96,-1.86,12.8,"[{""p"": ""forward_head_full"", ""dev"": 12.974, ""ratio"": 2.648}, {""p"": ""recline"", ""dev"": 13.241, ""ratio"": 1.655}, {""p"": ""forward_head_only"", ""dev"": 14.6, ""ratio"": 2.648}]"
66,13.146,2026-05-26T11:13:31.554426,forward_head_only,거북목 경향,BAD_POSTURE,0.9846,14.813,4.979,0.218297,0.141849,0.430088,-3.7838,-3.6522,0.115941,0.092112,0.004858,0.0,0.0,13.43,16.19,-1.87,12.93,"[{""p"": ""forward_head_full"", ""dev"": 13.129, ""ratio"": 2.687}, {""p"": ""recline"", ""dev"": 13.434, ""ratio"": 1.679}, {""p"": ""forward_head_only"", ""dev"": 14.813, ""ratio"": 2.687}]"
67,13.349,2026-05-26T11:13:31.554426,forward_head_only,거북목 경향,BAD_POSTURE,0.9981,15.0241,5.182,0.218665,0.142131,0.430578,-3.7914,-3.593,0.115734,0.091846,0.004759,0.0,0.0,13.63,16.42,-1.87,13.05,"[{""p"": ""forward_head_full"", ""dev"": 13.283, ""ratio"": 2.725}, {""p"": ""recline"", ""dev"": 13.625, ""ratio"": 1.703}, {""p"": ""forward_head_only"", ""dev"": 15.024, ""ratio"": 2.725}]"
68,13.541,2026-05-26T11:13:31.554426,forward_head_only,거북목 경향,BAD_POSTURE,1.0,15.2323,5.374,0.219028,0.142409,0.431064,-3.7995,-3.5361,0.115544,0.091595,0.005442,0.0,0.0,13.81,16.65,-1.88,13.18,"[{""p"": ""forward_head_full"", ""dev"": 13.435, ""ratio"": 2.763}, {""p"": ""recline"", ""dev"": 13.814, ""ratio"": 1.727}, {""p"": ""forward_head_only"", ""dev"": 15.232, ""ratio"": 2.763}]"
69,13.737,2026-05-26T11:13:31.554426,forward_head_only,거북목 경향,BAD_POSTURE,1.0,15.4374,5.57,0.219387,0.142682,0.431545,-3.808,-3.4815,0.115347,0.091329,0.005342,0.0,0.0,14.0,16.87,-1.89,13.31,"[{""p"": ""forward_head_full"", ""dev"": 13.585, ""ratio"": 2.8}, {""p"": ""recline"", ""dev"": 14.0, ""ratio"": 1.75}, {""p"": ""forward_head_only"", ""dev"": 15.437, ""ratio"": 2.8}]"
70,13.943,2026-05-26T11:13:31.554426,forward_head_only,거북목 경향,BAD_POSTURE,1.0,15.6397,5.776,0.21974,0.142952,0.432019,-3.8171,-3.4293,0.115146,0.091053,0.00524,0.0,0.0,14.18,17.1,-1.9,13.43,"[{""p"": ""forward_head_full"", ""dev"": 13.733, ""ratio"": 2.837}, {""p"": ""recline"", ""dev"": 14.184, ""ratio"": 1.773}, {""p"": ""forward_head_only"", ""dev"": 15.64, ""ratio"": 2.837}]"
71,14.137,2026-05-26T11:13:31.555482,forward_head_only,거북목 경향,BAD_POSTURE,1.0,15.8397,5.97,0.220089,0.143219,0.432487,-3.8267,-3.3795,0.114887,0.090743,0.005919,0.0,0.0,14.37,17.31,-1.91,13.56,"[{""p"": ""forward_head_full"", ""dev"": 13.88, ""ratio"": 2.873}, {""p"": ""recline"", ""dev"": 14.365, ""ratio"": 1.796}, {""p"": ""forward_head_only"", ""dev"": 15.84, ""ratio"": 2.873}]"
72,14.325,2026-05-26T11:13:31.555482,forward_head_only,거북목 경향,BAD_POSTURE,1.0,16.038,6.158,0.220433,0.143485,0.432949,-3.8369,-3.3321,0.114617,0.090414,0.005813,0.0,0.0,14.54,17.53,-1.92,13.68,"[{""p"": ""forward_head_full"", ""dev"": 14.024, ""ratio"": 2.909}, {""p"": ""recline"", ""dev"": 14.544, ""ratio"": 1.818}, {""p"": ""forward_head_only"", ""dev"": 16.038, ""ratio"": 2.909}]"
73,14.533,2026-05-26T11:13:31.555482,forward_head_only,거북목 경향,BAD_POSTURE,1.0,16.2345,6.366,0.220773,0.143749,0.433406,-3.8479,-3.2861,0.114376,0.090072,0.005706,0.0,0.0,14.72,17.75,-1.93,13.8,"[{""p"": ""forward_head_full"", ""dev"": 14.166, ""ratio"": 2.944}, {""p"": ""recline"", ""dev"": 14.721, ""ratio"": 1.84}, {""p"": ""forward_head_only"", ""dev"": 16.235, ""ratio"": 2.944}]"
74,14.728,2026-05-26T11:13:31.555482,forward_head_only,거북목 경향,BAD_POSTURE,1.0,16.4295,6.561,0.221109,0.144012,0.433853,-3.8593,-3.2413,0.114147,0.089724,0.005597,0.0,0.0,14.9,17.96,-1.94,13.91,"[{""p"": ""forward_head_full"", ""dev"": 14.307, ""ratio"": 2.979}, {""p"": ""recline"", ""dev"": 14.895, ""ratio"": 1.862}, {""p"": ""forward_head_only"", ""dev"": 16.43, ""ratio"": 2.979}]"
75,14.938,2026-05-26T11:13:31.555482,forward_head_only,거북목 경향,BAD_POSTURE,1.0,16.6223,6.771,0.221441,0.144272,0.434292,-3.8714,-3.1977,0.11394,0.08939,0.004709,0.0,0.0,15.07,18.18,-1.95,14.03,"[{""p"": ""forward_head_full"", ""dev"": 14.445, ""ratio"": 3.014}, {""p"": ""recline"", ""dev"": 15.068, ""ratio"": 1.883}, {""p"": ""forward_head_only"", ""dev"": 16.622, ""ratio"": 3.014}]"
76,-0.009,2026-05-26T11:13:31.558649,forward_head_only,거북목 경향,BAD_POSTURE,1.0,31.2538,0.0,0.246861,0.163871,0.484407,-4.8619,-0.6571,0.110048,0.073016,0.003906,0.0,0.0,28.28,34.23,-2.94,27.19,"[{""p"": ""forward_head_full"", ""dev"": 27.624, ""ratio"": 5.655}, {""p"": ""recline"", ""dev"": 28.277, ""ratio"": 3.535}, {""p"": ""forward_head_only"", ""dev"": 31.254, ""ratio"": 5.655}]"
77,0.222,2026-05-26T11:13:31.558649,forward_head_only,거북목 경향,BAD_POSTURE,1.0,31.2267,0.0,0.246812,0.163836,0.484287,-4.8616,-0.6578,0.109981,0.073074,0.000781,0.0,0.0,28.25,34.2,-2.94,27.16,"[{""p"": ""forward_head_full"", ""dev"": 27.594, ""ratio"": 5.65}, {""p"": ""recline"", ""dev"": 28.251, ""ratio"": 3.531}, {""p"": ""forward_head_only"", ""dev"": 31.227, ""ratio"": 5.65}]"
78,0.427,2026-05-26T11:13:31.559665,forward_head_only,거북목 경향,BAD_POSTURE,1.0,31.1682,0.0,0.246705,0.163761,0.484066,-4.8603,-0.659,0.109906,0.073157,0.00078,0.0,0.0,28.2,34.14,-2.94,27.1,"[{""p"": ""forward_head_full"", ""dev"": 27.537, ""ratio"": 5.639}, {""p"": ""recline"", ""dev"": 28.196, ""ratio"": 3.524}, {""p"": ""forward_head_only"", ""dev"": 31.168, ""ratio"": 5.639}]"
79,0.62,2026-05-26T11:13:31.559665,forward_head_only,거북목 경향,BAD_POSTURE,1.0,31.0737,0.0,0.246532,0.16364,0.483728,-4.8574,-0.6606,0.109833,0.073263,0.000777,0.0,0.0,28.11,34.04,-2.94,27.01,"[{""p"": ""forward_head_full"", ""dev"": 27.448, ""ratio"": 5.621}, {""p"": ""recline"", ""dev"": 28.106, ""ratio"": 3.513}, {""p"": ""forward_head_only"", ""dev"": 31.074, ""ratio"": 5.621}]"
80,0.817,2026-05-26T11:13:31.561656,forward_head_only,거북목 경향,BAD_POSTURE,1.0,30.9415,0.0,0.246291,0.16347,0.483261,-4.8526,-0.6625,0.109761,0.073387,0.000774,0.0,0.0,27.98,33.9,-2.94,26.89,"[{""p"": ""forward_head_full"", ""dev"": 27.325, ""ratio"": 5.596}, {""p"": ""recline"", ""dev"": 27.981, ""ratio"": 3.498}, {""p"": ""forward_head_only"", ""dev"": 30.941, ""ratio"": 5.596}]"
81,1.02,2026-05-26T11:13:31.561656,forward_head_only,거북목 경향,BAD_POSTURE,1.0,30.7719,0.0,0.245982,0.163252,0.482656,-4.8456,-0.6652,0.109689,0.073527,0.000769,0.0,0.0,27.82,33.72,-2.93,26.73,"[{""p"": ""forward_head_full"", ""dev"": 27.165, ""ratio"": 5.564}, {""p"": ""recline"", ""dev"": 27.82, ""ratio"": 3.477}, {""p"": ""forward_head_only"", ""dev"": 30.772, ""ratio"": 5.564}]"
82,1.219,2026-05-26T11:13:31.562994,forward_head_only,거북목 경향,BAD_POSTURE,1.0,30.5646,0.0,0.245605,0.162985,0.481912,-4.8363,-0.6683,0.109612,0.073675,0.000765,0.0,0.0,27.62,33.51,-2.92,26.53,"[{""p"": ""forward_head_full"", ""dev"": 26.969, ""ratio"": 5.525}, {""p"": ""recline"", ""dev"": 27.624, ""ratio"": 3.453}, {""p"": ""forward_head_only"", ""dev"": 30.565, ""ratio"": 5.525}]"
83,1.424,2026-05-26T11:13:31.562994,forward_head_only,거북목 경향,BAD_POSTURE,1.0,30.3229,0.0,0.245165,0.162674,0.481036,-4.825,-0.6716,0.109539,0.073835,1.9e-05,0.0,0.0,27.4,33.25,-2.91,26.3,"[{""p"": ""forward_head_full"", ""dev"": 26.74, ""ratio"": 5.479}, {""p"": ""recline"", ""dev"": 27.395, ""ratio"": 3.424}, {""p"": ""forward_head_only"", ""dev"": 30.323, ""ratio"": 5.479}]"
84,1.612,2026-05-26T11:13:31.562994,forward_head_only,거북목 경향,BAD_POSTURE,1.0,30.0485,0.0,0.244667,0.16232,0.480041,-4.8117,-0.6753,0.109464,0.073994,0.000761,0.0,0.0,27.14,32.96,-2.89,26.04,"[{""p"": ""forward_head_full"", ""dev"": 26.48, ""ratio"": 5.427}, {""p"": ""recline"", ""dev"": 27.137, ""ratio"": 3.392}, {""p"": ""forward_head_only"", ""dev"": 30.049, ""ratio"": 5.427}]"
85,1.803,2026-05-26T11:13:31.564081,forward_head_only,거북목 경향,BAD_POSTURE,1.0,29.7443,0.0,0.244114,0.161928,0.478937,-4.7966,-0.6797,0.109369,0.074154,2e-05,0.0,0.0,26.85,32.64,-2.88,25.75,"[{""p"": ""forward_head_full"", ""dev"": 26.191, ""ratio"": 5.37}, {""p"": ""recline"", ""dev"": 26.849, ""ratio"": 3.356}, {""p"": ""forward_head_only"", ""dev"": 29.744, ""ratio"": 5.37}]"
86,2.017,2026-05-26T11:13:31.564081,forward_head_only,거북목 경향,BAD_POSTURE,1.0,29.4126,0.0,0.243512,0.1615,0.477734,-4.7801,-0.6846,0.109293,0.074324,1.9e-05,0.0,0.0,26.54,32.29,-2.86,25.44,"[{""p"": ""forward_head_full"", ""dev"": 25.876, ""ratio"": 5.307}, {""p"": ""recline"", ""dev"": 26.536, ""ratio"": 3.317}, {""p"": ""forward_head_only"", ""dev"": 29.413, ""ratio"": 5.307}]"
87,2.208,2026-05-26T11:13:31.564081,forward_head_only,거북목 경향,BAD_POSTURE,1.0,29.057,0.0,0.242867,0.161041,0.476444,-4.7625,-0.6897,0.109215,0.074491,0.000764,0.0,0.0,26.2,31.91,-2.85,25.1,"[{""p"": ""forward_head_full"", ""dev"": 25.539, ""ratio"": 5.24}, {""p"": ""recline"", ""dev"": 26.201, ""ratio"": 3.275}, {""p"": ""forward_head_only"", ""dev"": 29.057, ""ratio"": 5.24}]"
88,2.401,2026-05-26T11:13:31.564081,forward_head_only,거북목 경향,BAD_POSTURE,1.0,28.6789,0.0,0.242181,0.160553,0.475075,-4.7442,-0.6946,0.109135,0.074658,0.000767,0.0,0.0,25.84,31.51,-2.83,24.74,"[{""p"": ""forward_head_full"", ""dev"": 25.181, ""ratio"": 5.169}, {""p"": ""recline"", ""dev"": 25.845, ""ratio"": 3.231}, {""p"": ""forward_head_only"", ""dev"": 28.679, ""ratio"": 5.169}]"
89,2.611,2026-05-26T11:13:31.564081,forward_head_only,거북목 경향,BAD_POSTURE,1.0,28.282,0.0,0.241462,0.16004,0.473638,-4.7252,-0.6993,0.109073,0.074832,0.00077,0.0,0.0,25.47,31.09,-2.81,24.36,"[{""p"": ""forward_head_full"", ""dev"": 24.805, ""ratio"": 5.094}, {""p"": ""recline"", ""dev"": 25.471, ""ratio"": 3.184}, {""p"": ""forward_head_only"", ""dev"": 28.282, ""ratio"": 5.094}]"
90,2.794,2026-05-26T11:13:31.564081,forward_head_only,거북목 경향,BAD_POSTURE,1.0,27.8676,0.0,0.240712,0.159504,0.472139,-4.7059,-0.7035,0.109025,0.07501,0.000772,0.0,0.0,25.08,30.65,-2.79,23.97,"[{""p"": ""forward_head_full"", ""dev"": 24.413, ""ratio"": 5.016}, {""p"": ""recline"", ""dev"": 25.082, ""ratio"": 3.135}, {""p"": ""forward_head_only"", ""dev"": 27.868, ""ratio"": 5.016}]"
91,3.008,2026-05-26T11:13:31.565470,forward_head_only,거북목 경향,BAD_POSTURE,1.0,27.4383,0.0,0.239936,0.158948,0.470588,-4.6862,-0.7073,0.108991,0.075187,0.000774,0.0,0.0,24.68,30.2,-2.77,23.56,"[{""p"": ""forward_head_full"", ""dev"": 24.007, ""ratio"": 4.936}, {""p"": ""recline"", ""dev"": 24.678, ""ratio"": 3.085}, {""p"": ""forward_head_only"", ""dev"": 27.438, ""ratio"": 4.936}]"
92,3.198,2026-05-26T11:13:31.565470,forward_head_only,거북목 경향,BAD_POSTURE,1.0,26.9965,0.0,0.239139,0.158375,0.468992,-4.6663,-0.7105,0.108948,0.075353,0.000777,0.0,0.0,24.26,29.73,-2.75,23.14,"[{""p"": ""forward_head_full"", ""dev"": 23.59, ""ratio"": 4.853}, {""p"": ""recline"", ""dev"": 24.264, ""ratio"": 3.033}, {""p"": ""forward_head_only"", ""dev"": 26.997, ""ratio"": 4.853}]"
93,3.406,2026-05-26T11:13:31.565470,forward_head_only,거북목 경향,BAD_POSTURE,1.0,26.5444,0.0,0.238324,0.157788,0.467364,-4.6464,-0.7133,0.108899,0.075508,0.000781,0.0,0.0,23.84,29.25,-2.73,22.71,"[{""p"": ""forward_head_full"", ""dev"": 23.164, ""ratio"": 4.768}, {""p"": ""recline"", ""dev"": 23.841, ""ratio"": 2.98}, {""p"": ""forward_head_only"", ""dev"": 26.544, ""ratio"": 4.768}]"
94,3.599,2026-05-26T11:13:31.565470,forward_head_only,거북목 경향,BAD_POSTURE,1.0,26.0843,0.0,0.237496,0.15719,0.46571,-4.6265,-0.7155,0.108845,0.075662,0.000786,0.0,0.0,23.41,28.76,-2.71,22.28,"[{""p"": ""forward_head_full"", ""dev"": 22.732, ""ratio"": 4.682}, {""p"": ""recline"", ""dev"": 23.41, ""ratio"": 2.926}, {""p"": ""forward_head_only"", ""dev"": 26.084, ""ratio"": 4.682}]"
95,3.792,2026-05-26T11:13:31.565470,forward_head_only,거북목 경향,BAD_POSTURE,1.0,25.6172,0.0,0.236655,0.156583,0.464037,-4.6066,-0.717,0.108796,0.075822,0.000791,0.0,0.0,22.97,28.26,-2.69,21.84,"[{""p"": ""forward_head_full"", ""dev"": 22.293, ""ratio"": 4.595}, {""p"": ""recline"", ""dev"": 22.973, ""ratio"": 2.872}, {""p"": ""forward_head_only"", ""dev"": 25.617, ""ratio"": 4.595}]"
96,4.0,2026-05-26T11:13:31.565470,forward_head_only,거북목 경향,BAD_POSTURE,1.0,25.1448,0.0,0.235806,0.155968,0.462357,-4.5865,-0.7178,0.108751,0.075986,0.000797,0.0,0.0,22.53,27.76,-2.67,21.4,"[{""p"": ""forward_head_full"", ""dev"": 21.852, ""ratio"": 4.506}, {""p"": ""recline"", ""dev"": 22.532, ""ratio"": 2.817}, {""p"": ""forward_head_only"", ""dev"": 25.145, ""ratio"": 4.506}]"
97,4.191,2026-05-26T11:13:31.566887,forward_head_only,거북목 경향,BAD_POSTURE,1.0,24.6687,0.0,0.234951,0.155348,0.460676,-4.5663,-0.718,0.10873,0.076168,0.000802,0.0,0.0,22.09,27.25,-2.65,20.96,"[{""p"": ""forward_head_full"", ""dev"": 21.409, ""ratio"": 4.418}, {""p"": ""recline"", ""dev"": 22.088, ""ratio"": 2.761}, {""p"": ""forward_head_only"", ""dev"": 24.669, ""ratio"": 4.418}]"
98,4.4,2026-05-26T11:13:31.566887,forward_head_only,거북목 경향,BAD_POSTURE,1.0,24.1897,0.0,0.234091,0.154724,0.458999,-4.5458,-0.7176,0.10869,0.076337,0.000808,0.0,0.0,21.64,26.74,-2.63,20.52,"[{""p"": ""forward_head_full"", ""dev"": 20.967, ""ratio"": 4.328}, {""p"": ""recline"", ""dev"": 21.641, ""ratio"": 2.705}, {""p"": ""forward_head_only"", ""dev"": 24.19, ""ratio"": 4.328}]"
99,4.592,2026-05-26T11:13:31.566887,forward_head_only,거북목 경향,BAD_POSTURE,1.0,23.71,0.0,0.23323,0.154099,0.457334,-4.5254,-0.7166,0.108661,0.076513,0.000813,0.0,0.0,21.19,26.23,-2.61,20.08,"[{""p"": ""forward_head_full"", ""dev"": 20.525, ""ratio"": 4.239}, {""p"": ""recline"", ""dev"": 21.194, ""ratio"": 2.649}, {""p"": ""forward_head_only"", ""dev"": 23.71, ""ratio"": 4.239}]"
100,4.779,2026-05-26T11:13:31.567400,forward_head_only,거북목 경향,BAD_POSTURE,1.0,23.2292,0.0,0.232368,0.153472,0.455684,-4.5052,-0.7149,0.108657,0.076699,0.000817,0.0,0.0,20.75,25.71,-2.59,19.65,"[{""p"": ""forward_head_full"", ""dev"": 20.086, ""ratio"": 4.149}, {""p"": ""recline"", ""dev"": 20.746, ""ratio"": 2.593}, {""p"": ""forward_head_only"", ""dev"": 23.229, ""ratio"": 4.149}]"
101,4.99,2026-05-26T11:13:31.567400,forward_head_only,거북목 경향,BAD_POSTURE,1.0,22.7492,0.0,0.231507,0.152846,0.454051,-4.4853,-0.7128,0.108681,0.076889,0.00082,0.0,0.0,20.3,25.2,-2.57,19.22,"[{""p"": ""forward_head_full"", ""dev"": 19.65, ""ratio"": 4.06}, {""p"": ""recline"", ""dev"": 20.298, ""ratio"": 2.537}, {""p"": ""forward_head_only"", ""dev"": 22.749, ""ratio"": 4.06}]"
102,5.394,2026-05-26T11:13:31.567400,forward_head_only,거북목 경향,BAD_POSTURE,1.0,22.1992,0.0,0.230522,0.152128,0.451999,-4.4635,-0.711,0.108802,0.077285,0.000824,0.0,0.0,19.79,24.61,-2.55,18.68,"[{""p"": ""forward_head_full"", ""dev"": 19.122, ""ratio"": 3.957}, {""p"": ""recline"", ""dev"": 19.786, ""ratio"": 2.473}, {""p"": ""forward_head_only"", ""dev"": 22.199, ""ratio"": 3.957}]"
103,5.582,2026-05-26T11:13:31.567400,forward_head_only,거북목 경향,BAD_POSTURE,1.0,21.6617,0.0,0.22956,0.151426,0.449913,-4.4427,-0.7094,0.10889,0.077487,0.000826,0.0,0.0,19.29,24.04,-2.53,18.13,"[{""p"": ""forward_head_full"", ""dev"": 18.593, ""ratio"": 3.857}, {""p"": ""recline"", ""dev"": 19.287, ""ratio"": 2.411}, {""p"": ""forward_head_only"", ""dev"": 21.662, ""ratio"": 3.857}]"
104,5.78,2026-05-26T11:13:31.568423,forward_head_only,거북목 경향,BAD_POSTURE,1.0,21.1363,0.0,0.228619,0.15074,0.447821,-4.4228,-0.7073,0.108973,0.07768,0.000829,0.0,0.0,18.8,23.47,-2.51,17.58,"[{""p"": ""forward_head_full"", ""dev"": 18.068, ""ratio"": 3.76}, {""p"": ""recline"", ""dev"": 18.798, ""ratio"": 2.35}, {""p"": ""forward_head_only"", ""dev"": 21.136, ""ratio"": 3.76}]"
105,5.99,2026-05-26T11:13:31.568423,forward_head_only,거북목 경향,BAD_POSTURE,1.0,20.6213,0.0,0.227698,0.150067,0.44574,-4.4038,-0.7053,0.109042,0.077855,0.000833,0.0,0.0,18.32,22.92,-2.49,17.04,"[{""p"": ""forward_head_full"", ""dev"": 17.549, ""ratio"": 3.664}, {""p"": ""recline"", ""dev"": 18.319, ""ratio"": 2.29}, {""p"": ""forward_head_only"", ""dev"": 20.621, ""ratio"": 3.664}]"
106,6.185,2026-05-26T11:13:31.568423,forward_head_only,거북목 경향,BAD_POSTURE,1.0,20.1171,0.0,0.226796,0.149408,0.443685,-4.3856,-0.7037,0.109097,0.078016,0.000837,0.0,0.0,17.85,22.38,-2.47,16.5,"[{""p"": ""forward_head_full"", ""dev"": 17.038, ""ratio"": 3.57}, {""p"": ""recline"", ""dev"": 17.85, ""ratio"": 2.231}, {""p"": ""forward_head_only"", ""dev"": 20.117, ""ratio"": 3.57}]"
107,6.383,2026-05-26T11:13:31.568423,forward_head_only,거북목 경향,BAD_POSTURE,1.0,19.6224,0.0,0.225912,0.148761,0.441671,-4.3683,-0.701,0.10914,0.078172,0.000842,0.0,0.0,17.39,21.85,-2.45,15.97,"[{""p"": ""forward_head_full"", ""dev"": 16.537, ""ratio"": 3.478}, {""p"": ""recline"", ""dev"": 17.391, ""ratio"": 2.174}, {""p"": ""forward_head_only"", ""dev"": 19.622, ""ratio"": 3.478}]"
108,6.576,2026-05-26T11:13:31.568423,forward_head_only,거북목 경향,BAD_POSTURE,1.0,19.1366,0.0,0.225043,0.148126,0.439702,-4.3518,-0.6974,0.109174,0.078324,0.000848,0.0,0.0,16.94,21.33,-2.43,15.45,"[{""p"": ""forward_head_full"", ""dev"": 16.046, ""ratio"": 3.388}, {""p"": ""recline"", ""dev"": 16.939, ""ratio"": 2.117}, {""p"": ""forward_head_only"", ""dev"": 19.137, ""ratio"": 3.388}]"
109,6.786,2026-05-26T11:13:31.569440,forward_head_only,거북목 경향,BAD_POSTURE,1.0,18.6601,0.0,0.224191,0.147503,0.437787,-4.336,-0.6932,0.109218,0.078484,0.000852,0.0,0.0,16.5,20.82,-2.42,14.95,"[{""p"": ""forward_head_full"", ""dev"": 15.567, ""ratio"": 3.299}, {""p"": ""recline"", ""dev"": 16.497, ""ratio"": 2.062}, {""p"": ""forward_head_only"", ""dev"": 18.66, ""ratio"": 3.299}]"
110,6.976,2026-05-26T11:13:31.569440,forward_head_only,거북목 경향,BAD_POSTURE,1.0,18.1917,0.0,0.223353,0.146891,0.435929,-4.3208,-0.6884,0.109272,0.078658,0.000856,0.0,0.0,16.06,20.32,-2.4,14.46,"[{""p"": ""forward_head_full"", ""dev"": 15.1, ""ratio"": 3.212}, {""p"": ""recline"", ""dev"": 16.061, ""ratio"": 2.008}, {""p"": ""forward_head_only"", ""dev"": 18.192, ""ratio"": 3.212}]"
111,7.167,2026-05-26T11:13:31.569440,forward_head_only,거북목 경향,BAD_POSTURE,1.0,17.7317,0.0,0.22253,0.14629,0.434129,-4.3063,-0.6831,0.109289,0.078832,0.000861,0.0,0.0,15.63,19.83,-2.39,13.99,"[{""p"": ""forward_head_full"", ""dev"": 14.646, ""ratio"": 3.127}, {""p"": ""recline"", ""dev"": 15.634, ""ratio"": 1.954}, {""p"": ""forward_head_only"", ""dev"": 17.732, ""ratio"": 3.127}]"
112,7.376,2026-05-26T11:13:31.569440,forward_head_only,거북목 경향,BAD_POSTURE,1.0,17.2788,0.0,0.22172,0.145698,0.432385,-4.2923,-0.6775,0.10929,0.079006,0.000866,0.0,0.0,15.21,19.34,-2.38,13.53,"[{""p"": ""forward_head_full"", ""dev"": 14.202, ""ratio"": 3.043}, {""p"": ""recline"", ""dev"": 15.213, ""ratio"": 1.902}, {""p"": ""forward_head_only"", ""dev"": 17.279, ""ratio"": 3.043}]"
113,7.578,2026-05-26T11:13:31.569440,forward_head_only,거북목 경향,BAD_POSTURE,1.0,16.8336,0.0,0.220924,0.145116,0.430696,-4.2789,-0.6717,0.109278,0.079171,0.000871,0.0,0.0,14.8,18.87,-2.36,13.09,"[{""p"": ""forward_head_full"", ""dev"": 13.771, ""ratio"": 2.96}, {""p"": ""recline"", ""dev"": 14.799, ""ratio"": 1.85}, {""p"": ""forward_head_only"", ""dev"": 16.834, ""ratio"": 2.96}]"
114,7.963,2026-05-26T11:13:31.569440,forward_head_only,거북목 경향,BAD_POSTURE,1.0,16.338,0.0,0.220038,0.144468,0.429044,-4.2652,-0.6656,0.10925,0.079476,0.000884,0.0,0.0,14.34,18.34,-2.35,12.65,"[{""p"": ""forward_head_full"", ""dev"": 13.327, ""ratio"": 2.868}, {""p"": ""recline"", ""dev"": 14.339, ""ratio"": 1.792}, {""p"": ""forward_head_only"", ""dev"": 16.338, ""ratio"": 2.868}]"
115,8.16,2026-05-26T11:13:31.570457,forward_head_only,거북목 경향,BAD_POSTURE,1.0,15.8584,0.0,0.219182,0.14384,0.427433,-4.2525,-0.6594,0.109234,0.079628,0.00089,0.0,0.0,13.89,17.82,-2.34,12.23,"[{""p"": ""forward_head_full"", ""dev"": 12.895, ""ratio"": 2.779}, {""p"": ""recline"", ""dev"": 13.894, ""ratio"": 1.737}, {""p"": ""forward_head_only"", ""dev"": 15.858, ""ratio"": 2.779}]"
116,8.366,2026-05-26T11:13:31.570457,forward_head_only,거북목 경향,BAD_POSTURE,1.0,15.394,0.199,0.218353,0.143232,0.425867,-4.2406,-0.6529,0.109218,0.079782,0.000897,0.0,0.0,13.46,17.32,-2.32,11.82,"[{""p"": ""forward_head_full"", ""dev"": 12.476, ""ratio"": 2.693}, {""p"": ""recline"", ""dev"": 13.463, ""ratio"": 1.683}, {""p"": ""forward_head_only"", ""dev"": 15.394, ""ratio"": 2.693}]"
117,8.56,2026-05-26T11:13:31.570457,forward_head_only,거북목 경향,BAD_POSTURE,1.0,14.9432,0.393,0.217548,0.142642,0.42434,-4.2294,-0.6463,0.109201,0.079929,0.000122,0.0,0.0,13.04,16.84,-2.31,11.42,"[{""p"": ""forward_head_full"", ""dev"": 12.068, ""ratio"": 2.609}, {""p"": ""recline"", ""dev"": 13.045, ""ratio"": 1.631}, {""p"": ""forward_head_only"", ""dev"": 14.943, ""ratio"": 2.609}]"
118,8.77,2026-05-26T11:13:31.570457,forward_head_only,거북목 경향,BAD_POSTURE,1.0,14.5045,0.603,0.216766,0.142067,0.422853,-4.2189,-0.6395,0.109164,0.080064,0.000912,0.0,0.0,12.64,16.37,-2.3,11.03,"[{""p"": ""forward_head_full"", ""dev"": 11.671, ""ratio"": 2.528}, {""p"": ""recline"", ""dev"": 12.638, ""ratio"": 1.58}, {""p"": ""forward_head_only"", ""dev"": 14.505, ""ratio"": 2.528}]"
119,8.961,2026-05-26T11:13:31.570457,forward_head_only,거북목 경향,BAD_POSTURE,1.0,14.0765,0.794,0.216003,0.141506,0.421403,-4.2088,-0.6329,0.109129,0.080203,0.00092,0.0,0.0,12.24,15.91,-2.29,10.65,"[{""p"": ""forward_head_full"", ""dev"": 11.284, ""ratio"": 2.448}, {""p"": ""recline"", ""dev"": 12.242, ""ratio"": 1.53}, {""p"": ""forward_head_only"", ""dev"": 14.077, ""ratio"": 2.448}]"
120,9.167,2026-05-26T11:13:31.570457,forward_head_only,거북목 경향,BAD_POSTURE,1.0,13.6588,1.0,0.215259,0.140958,0.419991,-4.1994,-0.6263,0.109097,0.080345,0.000928,0.0,0.0,11.86,15.46,-2.28,10.27,"[{""p"": ""forward_head_full"", ""dev"": 10.907, ""ratio"": 2.371}, {""p"": ""recline"", ""dev"": 11.855, ""ratio"": 1.482}, {""p"": ""forward_head_only"", ""dev"": 13.659, ""ratio"": 2.371}]"
121,9.359,2026-05-26T11:13:31.571473,forward_head_only,거북목 경향,BAD_POSTURE,1.0,13.251,1.192,0.214533,0.140423,0.418616,-4.1908,-0.6198,0.109059,0.080475,0.000938,0.0,0.0,11.48,15.02,-2.27,9.91,"[{""p"": ""recline"", ""dev"": 11.478, ""ratio"": 1.435}, {""p"": ""forward_head_only"", ""dev"": 13.251, ""ratio"": 2.296}]"
122,9.552,2026-05-26T11:13:31.571473,forward_head_only,거북목 경향,BAD_POSTURE,1.0,12.8517,1.385,0.213822,0.139899,0.41728,-4.1828,-0.6135,0.109024,0.08061,0.000947,0.0,0.0,11.11,14.59,-2.27,9.56,"[{""p"": ""recline"", ""dev"": 11.109, ""ratio"": 1.389}, {""p"": ""forward_head_only"", ""dev"": 12.852, ""ratio"": 2.222}]"
123,9.758,2026-05-26T11:13:31.571473,forward_head_only,거북목 경향,BAD_POSTURE,1.0,12.4605,1.591,0.213125,0.139386,0.415982,-4.175,-0.6071,0.108958,0.080734,0.000176,0.0,0.0,10.75,14.17,-2.26,9.22,"[{""p"": ""recline"", ""dev"": 10.746, ""ratio"": 1.343}, {""p"": ""forward_head_only"", ""dev"": 12.461, ""ratio"": 2.149}]"
124,9.958,2026-05-26T11:13:31.571473,forward_head_only,거북목 경향,BAD_POSTURE,1.0,12.0766,1.791,0.212442,0.138882,0.41472,-4.1674,-0.6009,0.108899,0.080862,0.000967,0.0,0.0,10.39,13.76,-2.25,8.89,"[{""p"": ""recline"", ""dev"": 10.392, ""ratio"": 1.299}, {""p"": ""forward_head_only"", ""dev"": 12.077, ""ratio"": 2.078}]"
125,10.155,2026-05-26T11:13:31.571473,forward_head_only,거북목 경향,BAD_POSTURE,0.9822,11.7002,1.988,0.211772,0.138388,0.41349,-4.16,-0.5946,0.108847,0.081003,0.000976,0.0,0.0,10.04,13.36,-2.24,8.57,"[{""p"": ""recline"", ""dev"": 10.043, ""ratio"": 1.255}, {""p"": ""forward_head_only"", ""dev"": 11.7, ""ratio"": 2.009}]"
126,10.359,2026-05-26T11:13:31.572490,forward_head_only,거북목 경향,BAD_POSTURE,0.9569,11.3306,2.192,0.211114,0.137903,0.412292,-4.153,-0.5885,0.108801,0.081152,0.000985,0.0,0.0,9.7,12.96,-2.24,8.25,"[{""p"": ""recline"", ""dev"": 9.701, ""ratio"": 1.213}, {""p"": ""forward_head_only"", ""dev"": 11.331, ""ratio"": 1.94}]"
127,10.541,2026-05-26T11:13:31.572490,forward_head_only,거북목 경향,BAD_POSTURE,0.932,10.9669,2.374,0.210466,0.137426,0.411124,-4.1465,-0.5823,0.10876,0.081311,0.000993,0.0,0.0,9.36,12.57,-2.23,7.95,"[{""p"": ""recline"", ""dev"": 9.365, ""ratio"": 1.171}, {""p"": ""forward_head_only"", ""dev"": 10.967, ""ratio"": 1.873}]"
128,10.754,2026-05-26T11:13:31.572490,forward_head_only,거북목 경향,BAD_POSTURE,0.9075,10.6096,2.587,0.20983,0.136957,0.409985,-4.1405,-0.5762,0.108722,0.081468,0.001001,0.0,0.0,9.03,12.18,-2.22,7.65,"[{""p"": ""recline"", ""dev"": 9.034, ""ratio"": 1.129}, {""p"": ""forward_head_only"", ""dev"": 10.61, ""ratio"": 1.807}]"
129,10.945,2026-05-26T11:13:31.572490,forward_head_only,거북목 경향,BAD_POSTURE,0.8835,10.2581,2.778,0.209204,0.136496,0.408875,-4.1347,-0.5702,0.108689,0.081624,0.001009,0.0,0.0,8.71,11.81,-2.22,7.36,"[{""p"": ""recline"", ""dev"": 8.709, ""ratio"": 1.089}, {""p"": ""forward_head_only"", ""dev"": 10.258, ""ratio"": 1.742}]"
130,11.151,2026-05-26T11:13:31.572490,forward_head_only,거북목 경향,BAD_POSTURE,0.8599,9.9126,2.984,0.208588,0.136043,0.407794,-4.1292,-0.5642,0.108658,0.081778,0.001017,0.0,0.0,8.39,11.44,-2.21,7.07,"[{""p"": ""recline"", ""dev"": 8.389, ""ratio"": 1.049}, {""p"": ""forward_head_only"", ""dev"": 9.913, ""ratio"": 1.678}]"
131,11.343,2026-05-26T11:13:31.572490,forward_head_only,거북목 경향,BAD_POSTURE,0.8366,9.5718,3.176,0.207981,0.135596,0.406742,-4.1238,-0.5582,0.10863,0.081932,0.001024,0.0,0.0,8.07,11.07,-2.21,6.8,"[{""p"": ""recline"", ""dev"": 8.073, ""ratio"": 1.009}, {""p"": ""forward_head_only"", ""dev"": 9.572, ""ratio"": 1.615}]"
132,11.552,2026-05-26T11:13:31.573506,forward_head_only,거북목 경향,BAD_POSTURE,0.8137,9.2362,3.385,0.207383,0.135156,0.405718,-4.1186,-0.5523,0.108595,0.082091,0.001032,0.0,0.0,7.76,10.71,-2.2,6.53,"[{""p"": ""forward_head_only"", ""dev"": 9.236, ""ratio"": 1.553}]"
133,11.744,2026-05-26T11:13:31.573506,forward_head_only,거북목 경향,BAD_POSTURE,0.7912,8.9054,3.577,0.206794,0.134722,0.404723,-4.1135,-0.5464,0.108553,0.082255,0.001039,0.0,0.0,7.46,10.35,-2.2,6.27,"[{""p"": ""forward_head_only"", ""dev"": 8.905, ""ratio"": 1.491}]"
134,11.936,2026-05-26T11:13:31.573506,forward_head_only,거북목 경향,BAD_POSTURE,0.7691,8.5794,3.769,0.206214,0.134294,0.403756,-4.1087,-0.5405,0.108504,0.082416,0.001046,0.0,0.0,7.16,10.0,-2.19,6.01,"[{""p"": ""forward_head_only"", ""dev"": 8.579, ""ratio"": 1.431}]"
135,12.145,2026-05-26T11:13:31.573506,forward_head_only,거북목 경향,BAD_POSTURE,0.7473,8.2582,3.978,0.205643,0.133872,0.402816,-4.1042,-0.5347,0.108452,0.082573,0.00051,0.0,0.0,6.86,9.66,-2.19,5.77,"[{""p"": ""forward_head_only"", ""dev"": 8.258, ""ratio"": 1.372}]"
136,12.334,2026-05-26T11:13:31.573506,forward_head_only,거북목 경향,BAD_POSTURE,0.7259,7.9413,4.167,0.205079,0.133456,0.4019,-4.0998,-0.5289,0.108405,0.082737,0.000503,0.0,0.0,6.57,9.32,-2.18,5.52,"[{""p"": ""forward_head_only"", ""dev"": 7.941, ""ratio"": 1.313}]"
137,12.543,2026-05-26T11:13:31.573506,forward_head_only,거북목 경향,BAD_POSTURE,0.7048,7.6285,4.376,0.204523,0.133045,0.401007,-4.0958,-0.5232,0.108365,0.082911,0.001066,0.0,0.0,6.28,8.98,-2.18,5.29,"[{""p"": ""forward_head_only"", ""dev"": 7.629, ""ratio"": 1.255}]"
138,12.735,2026-05-26T11:13:31.573506,forward_head_only,거북목 경향,BAD_POSTURE,0.684,7.3203,4.568,0.203975,0.13264,0.400135,-4.092,-0.5174,0.10833,0.083087,0.000292,0.0,0.0,5.99,8.65,-2.17,5.06,"[{""p"": ""forward_head_only"", ""dev"": 7.32, ""ratio"": 1.198}]"
139,13.136,2026-05-26T11:13:31.574522,forward_head_only,거북목 경향,BAD_POSTURE,0.6631,6.9755,4.969,0.203362,0.132187,0.39894,-4.0882,-0.5126,0.108298,0.08347,0.000471,0.0,0.0,5.67,8.28,-2.17,4.75,"[{""p"": ""forward_head_only"", ""dev"": 6.975, ""ratio"": 1.135}]"
140,13.328,2026-05-26T11:13:31.574522,forward_head_only,거북목 경향,BAD_POSTURE,0.6423,6.6411,5.161,0.202767,0.131748,0.397699,-4.085,-0.508,0.108355,0.083682,0.000321,0.0,0.0,5.36,7.92,-2.17,4.42,"[{""p"": ""forward_head_only"", ""dev"": 6.641, ""ratio"": 1.073}]"
141,13.536,2026-05-26T11:13:31.574522,forward_head_only,거북목 경향,BAD_POSTURE,0.6216,6.3178,5.369,0.202191,0.131324,0.396439,-4.0825,-0.5037,0.108385,0.083873,0.000447,0.0,0.0,5.06,7.57,-2.17,4.09,"[{""p"": ""forward_head_only"", ""dev"": 6.318, ""ratio"": 1.013}]"
142,13.728,2026-05-26T11:13:31.574522,neutral,바른 자세,NORMAL,1.0,0.0,0.0,0.20163,0.130914,0.395177,-4.0805,-0.4994,0.108398,0.084058,0.000433,0.0,0.0,4.77,7.23,-2.16,3.76,[]
143,13.936,2026-05-26T11:13:31.574522,neutral,바른 자세,NORMAL,1.0,0.0,0.208,0.201085,0.130514,0.393927,-4.0789,-0.4957,0.10842,0.084248,0.000419,0.0,0.0,4.49,6.91,-2.16,3.43,[]
144,14.123,2026-05-26T11:13:31.574522,neutral,바른 자세,NORMAL,1.0,0.0,0.395,0.200553,0.130126,0.392702,-4.0778,-0.4916,0.108452,0.084443,0.000404,0.0,0.0,4.21,6.59,-2.16,3.11,[]
145,14.318,2026-05-26T11:13:31.574522,neutral,바른 자세,NORMAL,1.0,0.0,0.59,0.200034,0.129746,0.391506,-4.0773,-0.4871,0.108492,0.084645,0.000391,0.0,0.0,3.94,6.28,-2.16,2.8,[]
146,14.526,2026-05-26T11:13:31.575538,neutral,바른 자세,NORMAL,1.0,0.0,0.798,0.199527,0.129374,0.390345,-4.0773,-0.4824,0.108538,0.084849,0.000376,0.0,0.0,3.68,5.97,-2.16,2.49,[]
147,14.716,2026-05-26T11:13:31.575538,neutral,바른 자세,NORMAL,1.0,0.0,0.988,0.19903,0.129009,0.389218,-4.0777,-0.4775,0.108591,0.085058,0.000362,0.0,0.0,3.42,5.67,-2.16,2.19,[]
148,14.924,2026-05-26T11:13:31.575538,neutral,바른 자세,NORMAL,1.0,0.0,1.196,0.198543,0.128651,0.388132,-4.0787,-0.4725,0.108647,0.085268,0.000348,0.0,0.0,3.17,5.38,-2.16,1.91,[]
